Datetime,Water Level (m)
2025-06-10 00:00:00,0.19149351
2025-06-10 01:00:00,0.0037258556
2025-06-10 02:00:00,-0.17071441
2025-06-10 03:00:00,-0.29870903
2025-06-10 04:00:00,-0.30403718
2025-06-10 05:00:00,0.042089332
2025-06-10 06:00:00,0.41194454
2025-06-10 07:00:00,0.8522484
2025-06-10 08:00:00,1.1788793
2025-06-10 09:00:00,1.3872658
2025-06-10 10:00:00,1.343047
2025-06-10 11:00:00,1.0745986
2025-06-10 12:00:00,0.7676222
2025-06-10 13:00:00,0.5275786
2025-06-10 14:00:00,0.30578074
2025-06-10 15:00:00,0.09248549
2025-06-10 16:00:00,-0.06326514
2025-06-10 17:00:00,-0.11185276
2025-06-10 18:00:00,0.19973174
2025-06-10 19:00:00,0.52675575
2025-06-10 20:00:00,0.8548191
2025-06-10 21:00:00,0.9896853
2025-06-10 22:00:00,0.9868993
2025-06-10 23:00:00,0.8119789
2025-06-11 00:00:00,0.5783099
2025-06-11 01:00:00,0.35534462
2025-06-11 02:00:00,0.15374735
2025-06-11 03:00:00,-0.019730294
2025-06-11 04:00:00,-0.16167846
2025-06-11 05:00:00,-0.10259179
2025-06-11 06:00:00,0.343191
2025-06-11 07:00:00,0.77934575
2025-06-11 08:00:00,1.2024262
2025-06-11 09:00:00,1.4627327
2025-06-11 10:00:00,1.5733758
2025-06-11 11:00:00,1.3961378
2025-06-11 12:00:00,1.0655637
2025-06-11 13:00:00,0.7921469
2025-06-11 14:00:00,0.5670715
2025-06-11 15:00:00,0.33269352
2025-06-11 16:00:00,0.14889246
2025-06-11 17:00:00,-0.0010984762
2025-06-11 18:00:00,0.06786713
2025-06-11 19:00:00,0.4659569
2025-06-11 20:00:00,0.83674514
2025-06-11 21:00:00,1.0786135
2025-06-11 22:00:00,1.1197869
2025-06-11 23:00:00,1.0336931
2025-06-12 00:00:00,0.82069373
2025-06-12 01:00:00,0.58508915
2025-06-12 02:00:00,0.37282252
2025-06-12 03:00:00,0.17949447
2025-06-12 04:00:00,0.015058515
2025-06-12 05:00:00,-0.09445521
2025-06-12 06:00:00,0.16140275
2025-06-12 07:00:00,0.59379685
2025-06-12 08:00:00,1.0914992
2025-06-12 09:00:00,1.4572197
2025-06-12 10:00:00,1.6764768
2025-06-12 11:00:00,1.6521258
2025-06-12 12:00:00,1.3592379
2025-06-12 13:00:00,1.0350602
2025-06-12 14:00:00,0.7886797
2025-06-12 15:00:00,0.55333686
2025-06-12 16:00:00,0.33193162
2025-06-12 17:00:00,0.16072764
2025-06-12 18:00:00,0.024918435
2025-06-12 19:00:00,0.18872589
2025-06-12 20:00:00,0.5686573
2025-06-12 21:00:00,0.9415475
2025-06-12 22:00:00,1.1217082
2025-06-12 23:00:00,1.1100384
2025-06-13 00:00:00,0.96081114
2025-06-13 01:00:00,0.72928953
2025-06-13 02:00:00,0.49805674
2025-06-13 03:00:00,0.29137844
2025-06-13 04:00:00,0.1129067
2025-06-13 05:00:00,-0.04639366
2025-06-13 06:00:00,-0.08714346
2025-06-13 07:00:00,0.3241476
2025-06-13 08:00:00,0.7777967
2025-06-13 09:00:00,1.2572746
2025-06-13 10:00:00,1.551053
2025-06-13 11:00:00,1.6980311
2025-06-13 12:00:00,1.5555247
2025-06-13 13:00:00,1.2145048
2025-06-13 14:00:00,0.92609566
2025-06-13 15:00:00,0.695788
2025-06-13 16:00:00,0.4590165
2025-06-13 17:00:00,0.26523066
2025-06-13 18:00:00,0.094882816
2025-06-13 19:00:00,0.013341051
2025-06-13 20:00:00,0.31304047
2025-06-13 21:00:00,0.69907093
2025-06-13 22:00:00,1.0470297
2025-06-13 23:00:00,1.1427625
2025-06-14 00:00:00,1.080095
2025-06-14 01:00:00,0.89378065
2025-06-14 02:00:00,0.65583694
2025-06-14 03:00:00,0.43192697
2025-06-14 04:00:00,0.23078813
2025-06-14 05:00:00,0.061183017
2025-06-14 06:00:00,-0.07993441
2025-06-14 07:00:00,0.009440168
2025-06-14 08:00:00,0.46549585
2025-06-14 09:00:00,0.9551918
2025-06-14 10:00:00,1.3774475
2025-06-14 11:00:00,1.61408
2025-06-14 12:00:00,1.6650109
2025-06-14 13:00:00,1.4274778
2025-06-14 14:00:00,1.0901248
2025-06-14 15:00:00,0.83340174
2025-06-14 16:00:00,0.60641485
2025-06-14 17:00:00,0.38202754
2025-06-14 18:00:00,0.2018401
2025-06-14 19:00:00,0.04571734
2025-06-14 20:00:00,0.08958228
2025-06-14 21:00:00,0.46285668
2025-06-14 22:00:00,0.8629945
2025-06-14 23:00:00,1.1404085
2025-06-15 00:00:00,1.1853844
2025-06-15 01:00:00,1.0824059
2025-06-15 02:00:00,0.8583238
2025-06-15 03:00:00,0.61607474
2025-06-15 04:00:00,0.40485585
2025-06-15 05:00:00,0.2140787
2025-06-15 06:00:00,0.05117257
2025-06-15 07:00:00,-0.057729334
2025-06-15 08:00:00,0.20472214
2025-06-15 09:00:00,0.64263314
2025-06-15 10:00:00,1.1369201
2025-06-15 11:00:00,1.4750533
2025-06-15 12:00:00,1.6610947
2025-06-15 13:00:00,1.6119125
2025-06-15 14:00:00,1.3087093
2025-06-15 15:00:00,0.99974394
2025-06-15 16:00:00,0.76558787
2025-06-15 17:00:00,0.53658235
2025-06-15 18:00:00,0.33230057
2025-06-15 19:00:00,0.15973723
2025-06-15 20:00:00,0.03393386
2025-06-15 21:00:00,0.22870155
2025-06-15 22:00:00,0.6298375
2025-06-15 23:00:00,1.0188638
2025-06-16 00:00:00,1.2048041
